<Anims>
 <anim name="antcave_floor" root="pisohamlet" numframes="25" framerate="40">
  <frame idx="0" w="1126" h="847" x="-0.000031" y="-256.000031">
   <element name="symbol0" layername="symbo" frame="0" z_index="85" m_a="1.000000" m_b="0.000000" m_c="0.000000" m_d="1.000000" m_tx="-255.500000" m_ty="-255.500000"/>
   <element name="symbol0" layername="symbo" frame="0" z_index="86" m_a="1.000000" m_b="-0.000000" m_c="-0.000000" m_d="-1.000000" m_tx="-255.500000" m_ty="255.500000"/>
   <element name="symbol0" layername="symbo" frame="0" z_index="87" m_a="1.000000" m_b="0.000000" m_c="0.000000" m_d="1.000000" m_tx="255.500000" m_ty="-255.500000"/>
   <element name="symbol0" layername="symbo" frame="0" z_index="88" m_a="1.000000" m_b="-0.000000" m_c="-0.000000" m_d="-1.000000" m_tx="255.500000" m_ty="255.500000"/>
  </frame>
 </anim>
 <anim name="batcave_floor" root="pisohamlet" numframes="25" framerate="40">
  <frame idx="0" w="847" h="847" x="-256.000031" y="-256.000031">
   <element name="symbol0" layername="symbo" frame="1" z_index="85" m_a="1.000000" m_b="0.000000" m_c="0.000000" m_d="1.000000" m_tx="-255.500000" m_ty="-255.500000"/>
   <element name="symbol0" layername="symbo" frame="1" z_index="86" m_a="1.000000" m_b="-0.000000" m_c="-0.000000" m_d="-1.000000" m_tx="-255.500000" m_ty="255.500000"/>
   <element name="symbol0" layername="symbo" frame="1" z_index="87" m_a="-1.000000" m_b="0.000000" m_c="0.000000" m_d="1.000000" m_tx="255.500000" m_ty="-255.500000"/>
   <element name="symbol0" layername="symbo" frame="1" z_index="88" m_a="-1.000000" m_b="0.000000" m_c="-0.000000" m_d="-1.000000" m_tx="255.500000" m_ty="255.500000"/>
  </frame>
 </anim>
 <anim name="floor_cityhall" root="pisohamlet" numframes="25" framerate="40">
  <frame idx="0" w="1971" h="1971" x="-256.000061" y="-256.000000">
   <element name="symbol0" layername="symbo" frame="2" z_index="85" m_a="1.000000" m_b="0.000000" m_c="0.000000" m_d="1.000000" m_tx="255.500000" m_ty="255.500000"/>
   <element name="symbol0" layername="symbo" frame="2" z_index="86" m_a="1.000000" m_b="-0.000000" m_c="-0.000000" m_d="-1.000000" m_tx="255.500000" m_ty="-255.500000"/>
   <element name="symbol0" layername="symbo" frame="2" z_index="87" m_a="-1.000000" m_b="0.000000" m_c="0.000000" m_d="1.000000" m_tx="-255.500000" m_ty="255.500000"/>
   <element name="symbol0" layername="symbo" frame="2" z_index="88" m_a="-1.000000" m_b="0.000000" m_c="-0.000000" m_d="-1.000000" m_tx="-255.500000" m_ty="-255.500000"/>
  </frame>
 </anim>
 <anim name="floor_gardenstone" root="pisohamlet" numframes="25" framerate="40">
  <frame idx="0" w="1126" h="1126" x="0.000000" y="0.000000">
   <element name="symbol0" layername="symbo" frame="17" z_index="88" m_a="1.000000" m_b="0.000000" m_c="0.000000" m_d="1.000000" m_tx="-255.500000" m_ty="-255.500000"/>
   <element name="symbol0" layername="symbo" frame="17" z_index="87" m_a="1.000000" m_b="0.000000" m_c="0.000000" m_d="1.000000" m_tx="255.500000" m_ty="-255.500000"/>
   <element name="symbol0" layername="symbo" frame="17" z_index="86" m_a="1.000000" m_b="0.000000" m_c="0.000000" m_d="1.000000" m_tx="255.500000" m_ty="255.500000"/>
   <element name="symbol0" layername="symbo" frame="17" z_index="85" m_a="1.000000" m_b="0.000000" m_c="0.000000" m_d="1.000000" m_tx="-255.500000" m_ty="255.500000"/>
  </frame>
 </anim>
 <anim name="floor_geometrictiles" root="pisohamlet" numframes="25" framerate="40">
  <frame idx="0" w="1126" h="1126" x="0.000000" y="0.000000">
   <element name="symbol0" layername="symbo" frame="18" z_index="88" m_a="1.000000" m_b="0.000000" m_c="0.000000" m_d="1.000000" m_tx="-255.500000" m_ty="-255.500000"/>
   <element name="symbol0" layername="symbo" frame="18" z_index="87" m_a="1.000000" m_b="0.000000" m_c="0.000000" m_d="1.000000" m_tx="255.500000" m_ty="-255.500000"/>
   <element name="symbol0" layername="symbo" frame="18" z_index="86" m_a="1.000000" m_b="0.000000" m_c="0.000000" m_d="1.000000" m_tx="-255.500000" m_ty="255.500000"/>
   <element name="symbol0" layername="symbo" frame="18" z_index="85" m_a="1.000000" m_b="0.000000" m_c="0.000000" m_d="1.000000" m_tx="255.500000" m_ty="255.500000"/>
  </frame>
 </anim>
 <anim name="floor_marble_royal" root="pisohamlet" numframes="25" framerate="40">
  <frame idx="0" w="1126" h="1126" x="0.000000" y="0.000000">
   <element name="symbol0" layername="symbo" frame="3" z_index="88" m_a="1.000000" m_b="0.000000" m_c="0.000000" m_d="1.000000" m_tx="255.500000" m_ty="-255.500000"/>
   <element name="symbol0" layername="symbo" frame="3" z_index="87" m_a="1.000000" m_b="0.000000" m_c="0.000000" m_d="1.000000" m_tx="-255.500000" m_ty="-255.500000"/>
   <element name="symbol0" layername="symbo" frame="3" z_index="86" m_a="1.000000" m_b="0.000000" m_c="0.000000" m_d="1.000000" m_tx="255.500000" m_ty="255.500000"/>
   <element name="symbol0" layername="symbo" frame="3" z_index="85" m_a="1.000000" m_b="0.000000" m_c="0.000000" m_d="1.000000" m_tx="-255.500000" m_ty="255.500000"/>
  </frame>
 </anim>
 <anim name="floor_shag_carpet" root="pisohamlet" numframes="25" framerate="40">
  <frame idx="0" w="1126" h="1126" x="0.000000" y="0.000000">
   <element name="symbol0" layername="symbo" frame="19" z_index="88" m_a="1.000000" m_b="0.000000" m_c="0.000000" m_d="1.000000" m_tx="-255.500000" m_ty="-255.500000"/>
   <element name="symbol0" layername="symbo" frame="19" z_index="87" m_a="1.000000" m_b="0.000000" m_c="0.000000" m_d="1.000000" m_tx="255.500000" m_ty="-255.500000"/>
   <element name="symbol0" layername="symbo" frame="19" z_index="86" m_a="1.000000" m_b="0.000000" m_c="0.000000" m_d="1.000000" m_tx="-255.500000" m_ty="255.500000"/>
   <element name="symbol0" layername="symbo" frame="19" z_index="85" m_a="1.000000" m_b="0.000000" m_c="0.000000" m_d="1.000000" m_tx="255.500000" m_ty="255.500000"/>
  </frame>
 </anim>
 <anim name="floor_transitional" root="pisohamlet" numframes="25" framerate="40">
  <frame idx="0" w="1126" h="1126" x="0.000000" y="0.000000">
   <element name="symbol0" layername="symbo" frame="20" z_index="88" m_a="1.000000" m_b="0.000000" m_c="0.000000" m_d="1.000000" m_tx="-255.500000" m_ty="-255.500000"/>
   <element name="symbol0" layername="symbo" frame="20" z_index="87" m_a="1.000000" m_b="0.000000" m_c="0.000000" m_d="1.000000" m_tx="255.500000" m_ty="-255.500000"/>
   <element name="symbol0" layername="symbo" frame="20" z_index="86" m_a="1.000000" m_b="0.000000" m_c="0.000000" m_d="1.000000" m_tx="255.500000" m_ty="255.500000"/>
   <element name="symbol0" layername="symbo" frame="20" z_index="85" m_a="1.000000" m_b="0.000000" m_c="0.000000" m_d="1.000000" m_tx="-255.500000" m_ty="255.500000"/>
  </frame>
 </anim>
 <anim name="floor_woodpanels" root="pisohamlet" numframes="25" framerate="40">
  <frame idx="0" w="1126" h="1126" x="0.000000" y="0.000000">
   <element name="symbol0" layername="symbo" frame="21" z_index="88" m_a="1.000000" m_b="0.000000" m_c="0.000000" m_d="1.000000" m_tx="-255.500000" m_ty="-255.500000"/>
   <element name="symbol0" layername="symbo" frame="21" z_index="87" m_a="1.000000" m_b="0.000000" m_c="0.000000" m_d="1.000000" m_tx="255.500000" m_ty="-255.500000"/>
   <element name="symbol0" layername="symbo" frame="21" z_index="86" m_a="1.000000" m_b="0.000000" m_c="0.000000" m_d="1.000000" m_tx="255.500000" m_ty="255.500000"/>
   <element name="symbol0" layername="symbo" frame="21" z_index="85" m_a="1.000000" m_b="0.000000" m_c="0.000000" m_d="1.000000" m_tx="-255.500000" m_ty="255.500000"/>
  </frame>
 </anim>
 <anim name="ground_ruins_slab" root="pisohamlet" numframes="25" framerate="40">
  <frame idx="0" w="1126" h="1126" x="0.000000" y="0.000000">
   <element name="symbol0" layername="symbo" frame="4" z_index="85" m_a="1.000000" m_b="0.000000" m_c="0.000000" m_d="1.000000" m_tx="255.500000" m_ty="255.500000"/>
   <element name="symbol0" layername="symbo" frame="4" z_index="86" m_a="1.000000" m_b="0.000000" m_c="0.000000" m_d="1.000000" m_tx="-255.500000" m_ty="255.500000"/>
   <element name="symbol0" layername="symbo" frame="4" z_index="87" m_a="1.000000" m_b="0.000000" m_c="0.000000" m_d="1.000000" m_tx="255.500000" m_ty="-255.500000"/>
   <element name="symbol0" layername="symbo" frame="4" z_index="88" m_a="1.000000" m_b="0.000000" m_c="0.000000" m_d="1.000000" m_tx="-255.500000" m_ty="-255.500000"/>
  </frame>
 </anim>
 <anim name="ground_ruins_slab_blue" root="pisohamlet" numframes="25" framerate="40">
  <frame idx="0" w="1126" h="1126" x="0.000000" y="0.000000">
   <element name="symbol0" layername="symbo" frame="14" z_index="85" m_a="1.000000" m_b="0.000000" m_c="0.000000" m_d="1.000000" m_tx="255.500000" m_ty="255.500000"/>
   <element name="symbol0" layername="symbo" frame="14" z_index="86" m_a="1.000000" m_b="0.000000" m_c="0.000000" m_d="1.000000" m_tx="-255.500000" m_ty="255.500000"/>
   <element name="symbol0" layername="symbo" frame="14" z_index="87" m_a="1.000000" m_b="0.000000" m_c="0.000000" m_d="1.000000" m_tx="255.500000" m_ty="-255.500000"/>
   <element name="symbol0" layername="symbo" frame="14" z_index="88" m_a="1.000000" m_b="0.000000" m_c="0.000000" m_d="1.000000" m_tx="-255.500000" m_ty="-255.500000"/>
  </frame>
 </anim>
 <anim name="noise_woodfloor" root="pisohamlet" numframes="25" framerate="40">
  <frame idx="0" w="1126" h="847" x="-0.000031" y="-256.000031">
   <element name="symbol0" layername="symbo" frame="13" z_index="85" m_a="1.000000" m_b="-0.000000" m_c="-0.000000" m_d="-1.000000" m_tx="255.500000" m_ty="255.500000"/>
   <element name="symbol0" layername="symbo" frame="13" z_index="86" m_a="1.000000" m_b="0.000000" m_c="0.000000" m_d="1.000000" m_tx="255.500000" m_ty="-255.500000"/>
   <element name="symbol0" layername="symbo" frame="13" z_index="87" m_a="1.000000" m_b="-0.000000" m_c="-0.000000" m_d="-1.000000" m_tx="-255.500000" m_ty="255.500000"/>
   <element name="symbol0" layername="symbo" frame="13" z_index="88" m_a="1.000000" m_b="0.000000" m_c="0.000000" m_d="1.000000" m_tx="-255.500000" m_ty="-255.500000"/>
  </frame>
 </anim>
 <anim name="shop_floor_checker" root="pisohamlet" numframes="25" framerate="40">
  <frame idx="0" w="1971" h="1971" x="-256.000061" y="-256.000000">
   <element name="symbol0" layername="symbo" frame="5" z_index="85" m_a="1.000000" m_b="0.000000" m_c="0.000000" m_d="1.000000" m_tx="255.500000" m_ty="255.500000"/>
   <element name="symbol0" layername="symbo" frame="5" z_index="86" m_a="1.000000" m_b="-0.000000" m_c="-0.000000" m_d="-1.000000" m_tx="255.500000" m_ty="-255.500000"/>
   <element name="symbol0" layername="symbo" frame="5" z_index="87" m_a="-1.000000" m_b="0.000000" m_c="0.000000" m_d="1.000000" m_tx="-255.500000" m_ty="255.500000"/>
   <element name="symbol0" layername="symbo" frame="5" z_index="88" m_a="-1.000000" m_b="0.000000" m_c="-0.000000" m_d="-1.000000" m_tx="-255.500000" m_ty="-255.500000"/>
  </frame>
 </anim>
 <anim name="shop_floor_checkered" root="pisohamlet" numframes="25" framerate="40">
  <frame idx="0" w="1689" h="1971" x="-512.000000" y="-256.000000">
   <element name="symbol0" layername="symbo" frame="6" z_index="85" m_a="-1.000000" m_b="0.000000" m_c="0.000000" m_d="1.000000" m_tx="255.500000" m_ty="255.500000"/>
   <element name="symbol0" layername="symbo" frame="6" z_index="86" m_a="-1.000000" m_b="0.000000" m_c="-0.000000" m_d="-1.000000" m_tx="255.500000" m_ty="-255.500000"/>
   <element name="symbol0" layername="symbo" frame="6" z_index="87" m_a="-1.000000" m_b="0.000000" m_c="0.000000" m_d="1.000000" m_tx="-255.500000" m_ty="255.500000"/>
   <element name="symbol0" layername="symbo" frame="6" z_index="88" m_a="-1.000000" m_b="0.000000" m_c="-0.000000" m_d="-1.000000" m_tx="-255.500000" m_ty="-255.500000"/>
  </frame>
 </anim>
 <anim name="shop_floor_herringbone" root="pisohamlet" numframes="25" framerate="40">
  <frame idx="0" w="1689" h="1971" x="-512.000000" y="-256.000000">
   <element name="symbol0" layername="symbo" frame="7" z_index="85" m_a="-1.000000" m_b="0.000000" m_c="0.000000" m_d="1.000000" m_tx="255.500000" m_ty="255.500000"/>
   <element name="symbol0" layername="symbo" frame="7" z_index="86" m_a="-1.000000" m_b="0.000000" m_c="-0.000000" m_d="-1.000000" m_tx="255.500000" m_ty="-255.500000"/>
   <element name="symbol0" layername="symbo" frame="7" z_index="87" m_a="-1.000000" m_b="0.000000" m_c="0.000000" m_d="1.000000" m_tx="-255.500000" m_ty="255.500000"/>
   <element name="symbol0" layername="symbo" frame="7" z_index="88" m_a="-1.000000" m_b="0.000000" m_c="-0.000000" m_d="-1.000000" m_tx="-255.500000" m_ty="-255.500000"/>
  </frame>
 </anim>
 <anim name="shop_floor_hexagon" root="pisohamlet" numframes="25" framerate="40">
  <frame idx="0" w="1689" h="1971" x="-512.000000" y="-256.000000">
   <element name="symbol0" layername="symbo" frame="8" z_index="85" m_a="-1.000000" m_b="0.000000" m_c="0.000000" m_d="1.000000" m_tx="255.500000" m_ty="255.500000"/>
   <element name="symbol0" layername="symbo" frame="8" z_index="86" m_a="-1.000000" m_b="0.000000" m_c="-0.000000" m_d="-1.000000" m_tx="255.500000" m_ty="-255.500000"/>
   <element name="symbol0" layername="symbo" frame="8" z_index="87" m_a="-1.000000" m_b="0.000000" m_c="0.000000" m_d="1.000000" m_tx="-255.500000" m_ty="255.500000"/>
   <element name="symbol0" layername="symbo" frame="8" z_index="88" m_a="-1.000000" m_b="0.000000" m_c="-0.000000" m_d="-1.000000" m_tx="-255.500000" m_ty="-255.500000"/>
  </frame>
 </anim>
 <anim name="shop_floor_hoof_curvy" root="pisohamlet" numframes="25" framerate="40">
  <frame idx="0" w="1971" h="1971" x="-256.000061" y="-256.000000">
   <element name="symbol0" layername="symbo" frame="15" z_index="85" m_a="1.000000" m_b="0.000000" m_c="0.000000" m_d="1.000000" m_tx="255.500000" m_ty="255.500000"/>
   <element name="symbol0" layername="symbo" frame="15" z_index="86" m_a="1.000000" m_b="-0.000000" m_c="-0.000000" m_d="-1.000000" m_tx="255.500000" m_ty="-255.500000"/>
   <element name="symbol0" layername="symbo" frame="15" z_index="87" m_a="-1.000000" m_b="0.000000" m_c="0.000000" m_d="1.000000" m_tx="-255.500000" m_ty="255.500000"/>
   <element name="symbol0" layername="symbo" frame="15" z_index="88" m_a="-1.000000" m_b="0.000000" m_c="-0.000000" m_d="-1.000000" m_tx="-255.500000" m_ty="-255.500000"/>
  </frame>
 </anim>
 <anim name="shop_floor_octagon" root="pisohamlet" numframes="25" framerate="40">
  <frame idx="0" w="1689" h="1971" x="-512.000000" y="-256.000000">
   <element name="symbol0" layername="symbo" frame="10" z_index="85" m_a="-1.000000" m_b="0.000000" m_c="0.000000" m_d="1.000000" m_tx="255.500000" m_ty="255.500000"/>
   <element name="symbol0" layername="symbo" frame="10" z_index="86" m_a="-1.000000" m_b="0.000000" m_c="-0.000000" m_d="-1.000000" m_tx="255.500000" m_ty="-255.500000"/>
   <element name="symbol0" layername="symbo" frame="10" z_index="87" m_a="-1.000000" m_b="0.000000" m_c="0.000000" m_d="1.000000" m_tx="-255.500000" m_ty="255.500000"/>
   <element name="symbol0" layername="symbo" frame="10" z_index="88" m_a="-1.000000" m_b="0.000000" m_c="-0.000000" m_d="-1.000000" m_tx="-255.500000" m_ty="-255.500000"/>
  </frame>
 </anim>
 <anim name="shop_floor_marble" root="pisohamlet" numframes="25" framerate="40">
  <frame idx="0" w="1689" h="1971" x="-512.000000" y="-256.000000">
   <element name="symbol0" layername="symbo" frame="9" z_index="85" m_a="-1.000000" m_b="0.000000" m_c="0.000000" m_d="1.000000" m_tx="255.500000" m_ty="255.500000"/>
   <element name="symbol0" layername="symbo" frame="9" z_index="86" m_a="-1.000000" m_b="0.000000" m_c="-0.000000" m_d="-1.000000" m_tx="255.500000" m_ty="-255.500000"/>
   <element name="symbol0" layername="symbo" frame="9" z_index="87" m_a="-1.000000" m_b="0.000000" m_c="0.000000" m_d="1.000000" m_tx="-255.500000" m_ty="255.500000"/>
   <element name="symbol0" layername="symbo" frame="9" z_index="88" m_a="-1.000000" m_b="0.000000" m_c="-0.000000" m_d="-1.000000" m_tx="-255.500000" m_ty="-255.500000"/>
  </frame>
 </anim>
 <anim name="shop_floor_sheetmetal" root="pisohamlet" numframes="25" framerate="40">
  <frame idx="0" w="1689" h="1971" x="-512.000000" y="-256.000000">
   <element name="symbol0" layername="symbo" frame="11" z_index="85" m_a="-1.000000" m_b="0.000000" m_c="0.000000" m_d="1.000000" m_tx="255.500000" m_ty="255.500000"/>
   <element name="symbol0" layername="symbo" frame="11" z_index="86" m_a="-1.000000" m_b="0.000000" m_c="-0.000000" m_d="-1.000000" m_tx="255.500000" m_ty="-255.500000"/>
   <element name="symbol0" layername="symbo" frame="11" z_index="87" m_a="-1.000000" m_b="0.000000" m_c="0.000000" m_d="1.000000" m_tx="-255.500000" m_ty="255.500000"/>
   <element name="symbol0" layername="symbo" frame="11" z_index="88" m_a="-1.000000" m_b="0.000000" m_c="-0.000000" m_d="-1.000000" m_tx="-255.500000" m_ty="-255.500000"/>
  </frame>
 </anim>
 <anim name="shop_floor_woodmetal" root="pisohamlet" numframes="25" framerate="40">
  <frame idx="0" w="1689" h="1971" x="-512.000000" y="-256.000000">
   <element name="symbol0" layername="symbo" frame="12" z_index="85" m_a="-1.000000" m_b="0.000000" m_c="0.000000" m_d="1.000000" m_tx="255.500000" m_ty="255.500000"/>
   <element name="symbol0" layername="symbo" frame="12" z_index="86" m_a="-1.000000" m_b="0.000000" m_c="-0.000000" m_d="-1.000000" m_tx="255.500000" m_ty="-255.500000"/>
   <element name="symbol0" layername="symbo" frame="12" z_index="87" m_a="-1.000000" m_b="0.000000" m_c="0.000000" m_d="1.000000" m_tx="-255.500000" m_ty="255.500000"/>
   <element name="symbol0" layername="symbo" frame="12" z_index="88" m_a="-1.000000" m_b="0.000000" m_c="-0.000000" m_d="-1.000000" m_tx="-255.500000" m_ty="-255.500000"/>
  </frame>
 </anim>
 <anim name="shop_floor_woodpaneling2" root="pisohamlet" numframes="25" framerate="40">
  <frame idx="0" w="1971" h="1971" x="-256.000061" y="-256.000000">
   <element name="symbol0" layername="symbo" frame="16" z_index="85" m_a="1.000000" m_b="0.000000" m_c="0.000000" m_d="1.000000" m_tx="255.500000" m_ty="255.500000"/>
   <element name="symbol0" layername="symbo" frame="16" z_index="86" m_a="1.000000" m_b="-0.000000" m_c="-0.000000" m_d="-1.000000" m_tx="255.500000" m_ty="-255.500000"/>
   <element name="symbol0" layername="symbo" frame="16" z_index="87" m_a="-1.000000" m_b="0.000000" m_c="0.000000" m_d="1.000000" m_tx="-255.500000" m_ty="255.500000"/>
   <element name="symbol0" layername="symbo" frame="16" z_index="88" m_a="-1.000000" m_b="0.000000" m_c="-0.000000" m_d="-1.000000" m_tx="-255.500000" m_ty="-255.500000"/>
  </frame>
 </anim>
</Anims>
